{
    "avg_prec": {
        "train": 0.8500940745417885,
        "test": 0.2429262681705476
    },
    "roc_auc": {
        "train": 0.8001830013969962,
        "test": 0.6539742200113843
    }
}
